year,species,percent
0,abiebals,0.00
0,acerrubr,30.00
0,acersacc,0.00
0,betualle,0.00
0,betupapy,0.00
0,fraxamer,0.00
0,piceglau,0.00
0,pinubank,0.00
0,pinuresi,0.00
0,pinustro,0.00
0,poputrem,0.00
0,querelli,0.00
0,querrubr,70.00
0,thujocci,0.00
0,tiliamer,0.00
0,tsugcana,0.00
10,abiebals,2.28
10,acerrubr,6.45
10,acersacc,2.85
10,betualle,3.10
10,betupapy,3.10
10,fraxamer,3.10
10,piceglau,2.50
10,pinubank,2.91
10,pinuresi,0.00
10,pinustro,0.00
10,poputrem,0.00
10,querelli,2.83
10,querrubr,65.79
10,thujocci,2.81
10,tiliamer,0.00
10,tsugcana,2.28
20,abiebals,4.46
20,acerrubr,4.26
20,acersacc,3.94
20,betualle,0.21
20,betupapy,2.13
20,fraxamer,0.28
20,piceglau,1.82
20,pinubank,0.21
20,pinuresi,0.00
20,pinustro,0.00
20,poputrem,0.00
20,querelli,0.01
20,querrubr,70.51
20,thujocci,5.81
20,tiliamer,1.90
20,tsugcana,4.48
30,abiebals,4.46
30,acerrubr,4.06
30,acersacc,6.20
30,betualle,0.23
30,betupapy,2.81
30,fraxamer,0.01
30,piceglau,2.09
30,pinubank,0.01
30,pinuresi,0.00
30,pinustro,0.00
30,poputrem,0.00
30,querelli,0.00
30,querrubr,67.43
30,thujocci,6.10
30,tiliamer,3.63
30,tsugcana,2.96
40,abiebals,12.25
40,acerrubr,4.92
40,acersacc,19.36
40,betualle,4.70
40,betupapy,13.57
40,fraxamer,0.01
40,piceglau,6.13
40,pinubank,0.01
40,pinuresi,0.00
40,pinustro,0.00
40,poputrem,0.00
40,querelli,3.68
40,querrubr,19.67
40,thujocci,8.15
40,tiliamer,4.53
40,tsugcana,3.03
50,abiebals,18.41
50,acerrubr,4.31
50,acersacc,7.16
50,betualle,9.52
50,betupapy,10.41
50,fraxamer,0.01
50,piceglau,0.50
50,pinubank,0.01
50,pinuresi,2.66
50,pinustro,2.85
50,poputrem,0.00
50,querelli,8.35
50,querrubr,18.10
50,thujocci,14.22
50,tiliamer,1.15
50,tsugcana,2.34
60,abiebals,9.96
60,acerrubr,4.96
60,acersacc,11.48
60,betualle,7.33
60,betupapy,17.07
60,fraxamer,2.35
60,piceglau,1.92
60,pinubank,0.01
60,pinuresi,2.17
60,pinustro,6.04
60,poputrem,0.00
60,querelli,0.20
60,querrubr,12.75
60,thujocci,15.51
60,tiliamer,3.57
60,tsugcana,4.68
70,abiebals,10.25
70,acerrubr,2.75
70,acersacc,9.68
70,betualle,0.58
70,betupapy,14.83
70,fraxamer,6.84
70,piceglau,5.24
70,pinubank,0.01
70,pinuresi,0.42
70,pinustro,9.07
70,poputrem,0.00
70,querelli,0.02
70,querrubr,0.87
70,thujocci,26.99
70,tiliamer,5.86
70,tsugcana,6.59
80,abiebals,3.92
80,acerrubr,4.53
80,acersacc,12.69
80,betualle,0.56
80,betupapy,1.76
80,fraxamer,4.66
80,piceglau,6.74
80,pinubank,0.01
80,pinuresi,0.02
80,pinustro,4.62
80,poputrem,0.00
80,querelli,2.32
80,querrubr,3.41
80,thujocci,39.34
80,tiliamer,3.92
80,tsugcana,11.50
90,abiebals,2.70
90,acerrubr,5.66
90,acersacc,14.02
90,betualle,0.05
90,betupapy,1.60
90,fraxamer,1.60
90,piceglau,7.91
90,pinubank,0.00
90,pinuresi,0.02
90,pinustro,4.94
90,poputrem,0.00
90,querelli,1.46
90,querrubr,0.19
90,thujocci,44.23
90,tiliamer,4.74
90,tsugcana,10.89
100,abiebals,2.99
100,acerrubr,0.47
100,acersacc,14.10
100,betualle,0.02
100,betupapy,2.13
100,fraxamer,0.03
100,piceglau,3.82
100,pinubank,0.00
100,pinuresi,0.01
100,pinustro,8.62
100,poputrem,0.00
100,querelli,2.20
100,querrubr,0.13
100,thujocci,53.61
100,tiliamer,7.12
100,tsugcana,4.75
110,abiebals,6.01
110,acerrubr,2.16
110,acersacc,23.37
110,betualle,0.02
110,betupapy,2.05
110,fraxamer,0.03
110,piceglau,7.50
110,pinubank,0.01
110,pinuresi,1.82
110,pinustro,3.16
110,poputrem,0.00
110,querelli,3.56
110,querrubr,0.14
110,thujocci,41.50
110,tiliamer,2.45
110,tsugcana,6.23
120,abiebals,3.98
120,acerrubr,6.93
120,acersacc,10.30
120,betualle,3.26
120,betupapy,3.29
120,fraxamer,3.26
120,piceglau,11.10
120,pinubank,3.04
120,pinuresi,5.73
120,pinustro,8.26
120,poputrem,2.90
120,querelli,8.96
120,querrubr,2.76
120,thujocci,13.31
120,tiliamer,3.39
120,tsugcana,9.53
130,abiebals,5.26
130,acerrubr,9.51
130,acersacc,9.56
130,betualle,3.91
130,betupapy,3.92
130,fraxamer,3.90
130,piceglau,3.26
130,pinubank,0.15
130,pinuresi,6.47
130,pinustro,9.49
130,poputrem,3.34
130,querelli,10.27
130,querrubr,0.12
130,thujocci,15.96
130,tiliamer,3.86
130,tsugcana,11.02
140,abiebals,0.40
140,acerrubr,7.20
140,acersacc,16.57
140,betualle,0.04
140,betupapy,4.08
140,fraxamer,8.37
140,piceglau,3.05
140,pinubank,0.28
140,pinuresi,6.79
140,pinustro,12.93
140,poputrem,9.94
140,querelli,4.08
140,querrubr,0.17
140,thujocci,9.62
140,tiliamer,0.31
140,tsugcana,16.16
150,abiebals,2.76
150,acerrubr,9.19
150,acersacc,8.47
150,betualle,0.03
150,betupapy,6.77
150,fraxamer,13.67
150,piceglau,4.21
150,pinubank,0.40
150,pinuresi,3.35
150,pinustro,20.13
150,poputrem,3.79
150,querelli,9.35
150,querrubr,2.77
150,thujocci,8.39
150,tiliamer,3.32
150,tsugcana,3.40
160,abiebals,2.15
160,acerrubr,13.78
160,acersacc,12.35
160,betualle,0.03
160,betupapy,11.75
160,fraxamer,17.96
160,piceglau,2.07
160,pinubank,0.49
160,pinuresi,0.05
160,pinustro,11.07
160,poputrem,4.83
160,querelli,10.87
160,querrubr,3.68
160,thujocci,3.07
160,tiliamer,4.00
160,tsugcana,1.85
170,abiebals,2.03
170,acerrubr,12.29
170,acersacc,4.76
170,betualle,0.02
170,betupapy,13.36
170,fraxamer,23.12
170,piceglau,0.36
170,pinubank,0.63
170,pinuresi,0.04
170,pinustro,11.48
170,poputrem,1.13
170,querelli,12.13
170,querrubr,5.11
170,thujocci,2.30
170,tiliamer,7.39
170,tsugcana,3.82
180,abiebals,1.58
180,acerrubr,3.06
180,acersacc,4.35
180,betualle,0.03
180,betupapy,18.96
180,fraxamer,30.58
180,piceglau,2.01
180,pinubank,0.79
180,pinuresi,0.03
180,pinustro,0.60
180,poputrem,0.07
180,querelli,16.59
180,querrubr,7.49
180,thujocci,2.46
180,tiliamer,11.12
180,tsugcana,0.29
190,abiebals,2.63
190,acerrubr,2.40
190,acersacc,5.61
190,betualle,0.02
190,betupapy,16.29
190,fraxamer,30.74
190,piceglau,0.45
190,pinubank,0.54
190,pinuresi,0.02
190,pinustro,0.40
190,poputrem,0.05
190,querelli,14.35
190,querrubr,8.08
190,thujocci,3.90
190,tiliamer,13.42
190,tsugcana,1.10
200,abiebals,2.31
200,acerrubr,3.43
200,acersacc,1.99
200,betualle,0.02
200,betupapy,17.62
200,fraxamer,35.64
200,piceglau,1.60
200,pinubank,0.26
200,pinuresi,0.02
200,pinustro,0.53
200,poputrem,0.02
200,querelli,17.22
200,querrubr,10.21
200,thujocci,5.61
200,tiliamer,2.36
200,tsugcana,1.16
210,abiebals,0.33
210,acerrubr,11.35
210,acersacc,4.35
210,betualle,0.03
210,betupapy,29.47
210,fraxamer,12.50
210,piceglau,3.34
210,pinubank,0.05
210,pinuresi,3.24
210,pinustro,4.63
210,poputrem,3.42
210,querelli,2.64
210,querrubr,1.38
210,thujocci,11.19
210,tiliamer,8.97
210,tsugcana,3.11
220,abiebals,2.24
220,acerrubr,7.57
220,acersacc,8.31
220,betualle,0.03
220,betupapy,18.30
220,fraxamer,16.69
220,piceglau,0.32
220,pinubank,0.01
220,pinuresi,4.72
220,pinustro,1.95
220,poputrem,5.11
220,querelli,3.33
220,querrubr,0.10
220,thujocci,16.37
220,tiliamer,12.76
220,tsugcana,2.21
230,abiebals,5.00
230,acerrubr,3.38
230,acersacc,15.05
230,betualle,0.03
230,betupapy,13.73
230,fraxamer,10.03
230,piceglau,2.51
230,pinubank,0.00
230,pinuresi,6.97
230,pinustro,4.96
230,poputrem,7.68
230,querelli,6.44
230,querrubr,2.29
230,thujocci,16.33
230,tiliamer,3.43
230,tsugcana,2.18
240,abiebals,5.72
240,acerrubr,7.28
240,acersacc,2.04
240,betualle,2.20
240,betupapy,20.64
240,fraxamer,3.70
240,piceglau,3.40
240,pinubank,0.00
240,pinuresi,9.83
240,pinustro,7.39
240,poputrem,0.55
240,querelli,4.05
240,querrubr,3.32
240,thujocci,23.61
240,tiliamer,4.41
240,tsugcana,1.88
250,abiebals,1.49
250,acerrubr,7.18
250,acersacc,1.75
250,betualle,4.59
250,betupapy,16.24
250,fraxamer,6.55
250,piceglau,5.17
250,pinubank,0.00
250,pinuresi,11.57
250,pinustro,10.93
250,poputrem,0.67
250,querelli,0.28
250,querrubr,4.19
250,thujocci,24.18
250,tiliamer,4.90
250,tsugcana,0.31
260,abiebals,0.35
260,acerrubr,8.24
260,acersacc,2.81
260,betualle,5.64
260,betupapy,16.14
260,fraxamer,8.07
260,piceglau,5.86
260,pinubank,0.00
260,pinuresi,12.01
260,pinustro,5.70
260,poputrem,0.00
260,querelli,0.07
260,querrubr,4.73
260,thujocci,24.02
260,tiliamer,5.42
260,tsugcana,0.93
270,abiebals,0.39
270,acerrubr,1.01
270,acersacc,3.25
270,betualle,4.53
270,betupapy,26.06
270,fraxamer,18.22
270,piceglau,12.42
270,pinubank,0.00
270,pinuresi,0.96
270,pinustro,12.24
270,poputrem,0.01
270,querelli,2.22
270,querrubr,0.45
270,thujocci,5.65
270,tiliamer,9.27
270,tsugcana,3.35
280,abiebals,2.24
280,acerrubr,2.47
280,acersacc,3.83
280,betualle,0.67
280,betupapy,25.78
280,fraxamer,12.03
280,piceglau,19.69
280,pinubank,0.00
280,pinuresi,0.06
280,pinustro,3.06
280,poputrem,0.01
280,querelli,2.48
280,querrubr,0.60
280,thujocci,5.99
280,tiliamer,14.62
280,tsugcana,6.47
290,abiebals,4.25
290,acerrubr,2.13
290,acersacc,3.45
290,betualle,0.92
290,betupapy,13.59
290,fraxamer,9.67
290,piceglau,27.08
290,pinubank,0.00
290,pinuresi,0.02
290,pinustro,4.18
290,poputrem,0.00
290,querelli,5.17
290,querrubr,0.79
290,thujocci,9.90
290,tiliamer,14.50
290,tsugcana,4.37
300,abiebals,4.63
300,acerrubr,3.47
300,acersacc,7.57
300,betualle,3.83
300,betupapy,8.93
300,fraxamer,5.77
300,piceglau,35.06
300,pinubank,0.00
300,pinuresi,1.98
300,pinustro,1.82
300,poputrem,0.01
300,querelli,5.28
300,querrubr,2.01
300,thujocci,10.92
300,tiliamer,0.59
300,tsugcana,8.13
