LANDIS-II-Site-input
<<<<<<<<<<<<<<<<<Succession Extension
SuccessionExtension,PnET-Succession
<<<<<<<<<<<<<<<<<Disturbance Extension
<<<<<<<<<<<<<<<<<Simulation Parameters
SimulationYears,50
StartYear,2000
TimeStep,10
SeedingAlgorithm,WardSeedDispersal
RandomSeedCheck,Yes
RandomSeedSet,617788279
ReplicateCheck,No
ReplicateNum,30
<<<<<<<<<<<<<<<<<Ecoregion Parameters
ClimateFile,C:\Users\zzhou\Documents\GitHub\Tool-L2-Site-ZZ\src\bin\Debug\Input\site_climate_example.txt
Latitude,42
<<<<<<<<<<<<<<<<<Initial communities
Species,Age1,Age2,Age3,,,,,,,,,,,,,,,,,,
acerrubr,54,62,,,,,,,,,,,,,,,,,,,
querrubr,52,62,97,,,,,,,,,,,,,,,,,,
<<<<<<<<<<<<<<<<<Species Generic Parameters
FracBelowG,0.33
<<<<<<<<<<<<<<<<<Species Life History Parameters
species,Longevity,sex_Maturity,shade_Tol.,fire_Tol.,seed_disper_Effective,seed_disp_Maximum,veg_ReprodProb,sprout_age_Min,sprout_age_Max,post_fire_Regen,,,,,,,,,,,
abiebals,200,25,5,1,30,160,0,0,0,none,,,,,,,,,,,
acerrubr,150,10,4,1,100,200,0.5,0,100,none,,,,,,,,,,,
acersacc,300,40,5,1,100,200,0.1,0,60,none,,,,,,,,,,,
betualle,300,40,4,2,100,400,0.1,0,180,none,,,,,,,,,,,
betupapy,100,30,2,2,200,5000,0.5,0,70,resprout,,,,,,,,,,,
fraxamer,300,30,4,1,70,140,0.1,0,70,none,,,,,,,,,,,
piceglau,300,25,3,2,30,200,0,0,0,none,,,,,,,,,,,
pinubank,100,15,1,3,20,100,0,0,0,serotiny,,,,,,,,,,,
pinuresi,200,35,2,4,20,275,0,0,0,none,,,,,,,,,,,
pinustro,400,40,3,3,60,210,0,0,0,none,,,,,,,,,,,
poputrem,100,20,1,1,1000,5000,0.9,0,100,resprout,,,,,,,,,,,
querelli,300,35,2,3,30,3000,0.5,20,280,resprout,,,,,,,,,,,
querrubr,250,25,3,2,30,3000,0.5,20,200,resprout,,,,,,,,,,,
thujocci,400,30,2,1,45,60,0.5,50,400,none,,,,,,,,,,,
tiliamer,250,30,4,2,30,120,0.1,0,200,none,,,,,,,,,,,
tsugcana,500,30,5,2,30,100,0,0,0,none,,,,,,,,,,,
<<<<<<<<<<<<<<<<<Species Ecophysiological Parameters
PnETSpeciesParameters,FolN,SLWmax,SLWDel,TOfol,AmaxA,AmaxB,HalfSat,H3,H4,PsnAgeRed,PsnTMin,PsnTOpt,PsnTMax,k,FracFol,FrActWd,KWdLit,FolLignin,EstMoist,EstRad,CO2HalfSatEff
abiebals,1.1,170,0,0.25,5.3,21.5,154,105,143,5,2,19,36,0.5,0.07,0.00004,0.023,0.2,3.1,3.1,-0.1
acerrubr,2.1,60,0.2,1,-46,71.9,154,111,147,5,3,26,40,0.58,0.02,0.00004,0.081,0.11,3,3,-0.1
acersacc,2,47,0.2,1,-46,71.9,102,105,143,5,3,23,40,0.58,0.02,0.00004,0.075,0.11,3.1,3.1,-0.05
betualle,2.1,51,0.2,1,-46,71.9,154,105,143,5,3,21,39,0.58,0.02,0.00004,0.045,0.2,3.1,3.1,-0.1
betupapy,2.1,88,0.2,1,-46,71.9,257,100,140,5,3,21,39,0.58,0.022,0.00004,0.045,0.2,3.1,3.1,-0.2
fraxamer,2.8,50,0.2,1,-46,71.9,205,111,147,5,3,25,37,0.58,0.015,0.00004,0.075,0.12,3.1,3.1,-0.15
piceglau,1.2,165,0,0.25,5.3,21.5,205,111,147,5,2,21,40,0.5,0.07,0.00004,0.025,0.2,3.1,3.1,-0.15
pinubank,1.5,180,0,0.3333,5.3,21.5,309,118,153,5,2,20,38,0.5,0.07,0.00004,0.025,0.2,3.1,3.1,-0.25
pinuresi,1.4,185,0,0.3333,5.3,21.5,257,118,153,5,3,21,39,0.5,0.075,0.00004,0.023,0.2,3.1,3.1,-0.2
pinustro,1.6,185,0,0.5,5.3,21.5,205,111,147,5,3,21,39,0.5,0.075,0.00004,0.125,0.25,3.1,3.1,-0.15
poputrem,2.3,85,0.2,1,-46,71.9,309,100,140,5,2,21,40,0.58,0.02,0.00004,0.043,0.2,3.1,3.1,-0.25
querelli,2.7,55,0.2,1,-46,71.9,257,118,153,5,2,21,40,0.58,0.015,0.00004,0.05,0.2,3.1,3.1,-0.2
querrubr,2.3,60,0.2,1,-46,71.9,205,111,147,5,2,24,40,0.58,0.02,0.00004,0.075,0.17,3.1,3.1,-0.15
thujocci,1,125,0,0.5,5.3,21.5,205,105,143,5,3,20,37,0.58,0.08,0.00006,0.026,0.2,3.1,3.1,-0.15
tiliamer,2.7,42,0.2,1,-46,71.9,154,111,147,5,3,23,40,0.58,0.015,0.00004,0.075,0.12,3.1,3.1,-0.1
tsugcana,1.3,115,0,0.3333,5.3,21.5,92,105,143,5,3,21,39,0.5,0.07,0.00004,0.028,0.2,3.1,3.1,-0.05
